{
    "best_threshold": 0.34663537910008135,
    "roc_auc": 0.8582116117074288
}